area_code,area_name,area_type
E01006179,Trafford 008C,LSOA
E01005000,Bury 012A,LSOA
E01006279,Wigan 019B,LSOA
E01005586,Rochdale 004C,LSOA
E01005775,Stockport 025D,LSOA
E01005681,Salford 024C,LSOA
E01005260,Manchester 011E,LSOA
E01005263,Manchester 046A,LSOA
E01005262,Manchester 044B,LSOA
E01006361,Wigan 010E,LSOA
E01005261,Manchester 012E,LSOA
E01033258,Rochdale 008G,LSOA
E01005173,Manchester 043B,LSOA
E01004932,Bolton 017F,LSOA
E01005888,Stockport 001B,LSOA
E01005809,Stockport 037B,LSOA
E01005808,Stockport 037A,LSOA
E01005889,Stockport 001C,LSOA
E01005631,Salford 020A,LSOA
E01005630,Salford 021B,LSOA
E01005633,Salford 020C,LSOA
E01005632,Salford 020B,LSOA
E01005932,Stockport 042D,LSOA
E01006346,Wigan 038E,LSOA
E01006347,Wigan 040E,LSOA
E01006344,Wigan 038D,LSOA
E01005241,Manchester 025A,LSOA
E01005240,Manchester 024A,LSOA
E01005243,Manchester 024B,LSOA
E01005242,Manchester 025B,LSOA
E01005245,Manchester 024C,LSOA
E01005244,Manchester 025C,LSOA
E01005275,Manchester 038B,LSOA
E01005198,Manchester 023D,LSOA
E01006411,Wigan 015E,LSOA
E01006018,Tameside 016C,LSOA
E01006098,Trafford 014A,LSOA
E01004953,Bury 010E,LSOA
E01004951,Bury 010C,LSOA
E01005914,Stockport 007A,LSOA
E01005549,Rochdale 025F,LSOA
E01005548,Rochdale 024E,LSOA
E01005541,Rochdale 023F,LSOA
E01006313,Wigan 003C,LSOA
E01006075,Trafford 025B,LSOA
E01006074,Trafford 025A,LSOA
E01006083,Trafford 026A,LSOA
E01006003,Tameside 012C,LSOA
E01006084,Trafford 026B,LSOA
E01006002,Tameside 011C,LSOA
E01006085,Trafford 027D,LSOA
E01006005,Tameside 011E,LSOA
E01006086,Trafford 027E,LSOA
E01006004,Tameside 011D,LSOA
E01006082,Trafford 027C,LSOA
E01032909,Salford 022I,LSOA
E01005546,Rochdale 024C,LSOA
E01006265,Wigan 036E,LSOA
E01006262,Wigan 032A,LSOA
E01005254,Manchester 005F,LSOA
E01004823,Bolton 016C,LSOA
E01006119,Trafford 002D,LSOA
E01006118,Trafford 002C,LSOA
E01006198,Trafford 009A,LSOA
E01005141,Manchester 003C,LSOA
E01005143,Manchester 056A,LSOA
E01005140,Manchester 002E,LSOA
E01005142,Manchester 058A,LSOA
E01005145,Manchester 008A,LSOA
E01005285,Manchester 025D,LSOA
E01005284,Manchester 026C,LSOA
E01005286,Manchester 026D,LSOA
E01005207,Manchester 006D,LSOA
E01005149,Manchester 008C,LSOA
E01005205,Manchester 006B,LSOA
E01005283,Manchester 032E,LSOA
E01005015,Bury 001B,LSOA
E01005094,Manchester 012B,LSOA
E01005014,Bury 001A,LSOA
E01005017,Bury 001D,LSOA
E01005012,Bury 018C,LSOA
E01005093,Manchester 012A,LSOA
E01005496,Rochdale 009A,LSOA
E01006331,Wigan 031D,LSOA
E01006391,Wigan 007D,LSOA
E01005676,Salford 005C,LSOA
E01005677,Salford 005D,LSOA
E01006155,Trafford 006A,LSOA
E01006152,Trafford 016C,LSOA
E01006157,Trafford 006B,LSOA
E01006154,Trafford 012D,LSOA
E01006156,Trafford 008A,LSOA
E01006153,Trafford 016D,LSOA
E01005710,Salford 004D,LSOA
E01005897,Stockport 010A,LSOA
E01005790,Stockport 034D,LSOA
E01005713,Salford 007C,LSOA
E01005791,Stockport 039B,LSOA
E01005712,Salford 007B,LSOA
E01005792,Stockport 041A,LSOA
E01005715,Salford 007E,LSOA
E01005793,Stockport 039C,LSOA
E01005711,Salford 007A,LSOA
E01005339,Oldham 010C,LSOA
E01005338,Oldham 017E,LSOA
E01005331,Oldham 017C,LSOA
E01005330,Oldham 015B,LSOA
E01005333,Oldham 015C,LSOA
E01005332,Oldham 028A,LSOA
E01006099,Trafford 014B,LSOA
E01006019,Tameside 018D,LSOA
E01005009,Bury 016E,LSOA
E01005658,Salford 024B,LSOA
E01005659,Salford 001A,LSOA
E01005313,Manchester 053A,LSOA
E01005049,Bury 003D,LSOA
E01005048,Bury 002D,LSOA
E01005041,Bury 026B,LSOA
E01005503,Rochdale 020C,LSOA
E01005367,Oldham 033C,LSOA
E01005734,Salford 013C,LSOA
E01005735,Salford 013D,LSOA
E01005737,Salford 013F,LSOA
E01005736,Salford 013E,LSOA
E01005732,Salford 025D,LSOA
E01005733,Salford 019E,LSOA
E01005771,Stockport 025C,LSOA
E01005609,Salford 016A,LSOA
E01005768,Stockport 025A,LSOA
E01005769,Stockport 022A,LSOA
E01005528,Rochdale 021D,LSOA
E01005271,Manchester 032C,LSOA
E01004974,Bury 024A,LSOA
E01005427,Oldham 022C,LSOA
E01006040,Tameside 028E,LSOA
E01005726,Salford 019B,LSOA
E01005026,Bury 008F,LSOA
E01005413,Oldham 021B,LSOA
E01004933,Bolton 035A,LSOA
E01004873,Bolton 029C,LSOA
E01004831,Bolton 026B,LSOA
E01005108,Manchester 017A,LSOA
E01005188,Manchester 021B,LSOA
E01005625,Salford 015A,LSOA
E01005442,Oldham 002B,LSOA
E01005443,Oldham 003B,LSOA
E01005445,Oldham 002D,LSOA
E01005444,Oldham 002C,LSOA
E01005447,Oldham 003D,LSOA
E01005440,Oldham 033D,LSOA
E01005441,Oldham 002A,LSOA
E01005007,Bury 019D,LSOA
E01004778,Bolton 009A,LSOA
E01004771,Bolton 003C,LSOA
E01004779,Bolton 007A,LSOA
E01005399,Oldham 005C,LSOA
E01004841,Bolton 012B,LSOA
E01005635,Salford 020E,LSOA
E01005634,Salford 020D,LSOA
E01005637,Salford 020G,LSOA
E01005159,Manchester 029D,LSOA
E01005589,Rochdale 009B,LSOA
E01004950,Bury 010B,LSOA
E01004819,Bolton 017B,LSOA
E01004899,Bolton 030C,LSOA
E01004818,Bolton 017A,LSOA
E01005834,Stockport 031A,LSOA
E01005837,Stockport 021D,LSOA
E01005835,Stockport 021C,LSOA
E01005935,Tameside 006C,LSOA
E01005934,Tameside 006B,LSOA
E01005629,Salford 021A,LSOA
E01005937,Tameside 004B,LSOA
E01005776,Stockport 028E,LSOA
E01004999,Bury 014C,LSOA
E01004918,Bolton 024G,LSOA
E01004816,Bolton 029A,LSOA
E01004897,Bolton 020E,LSOA
E01006023,Tameside 015B,LSOA
E01004817,Bolton 022E,LSOA
E01004896,Bolton 030B,LSOA
E01005920,Stockport 003D,LSOA
E01004853,Bolton 021E,LSOA
E01004852,Bolton 025C,LSOA
E01004850,Bolton 021C,LSOA
E01005276,Manchester 038C,LSOA
E01005297,Manchester 028A,LSOA
E01005216,Manchester 034D,LSOA
E01005296,Manchester 029E,LSOA
E01005217,Manchester 034E,LSOA
E01005859,Stockport 008A,LSOA
E01006048,Tameside 023B,LSOA
E01004945,Bury 017A,LSOA
E01004942,Bury 021B,LSOA
E01006028,Tameside 028A,LSOA
E01005644,Salford 029F,LSOA
E01005647,Salford 011A,LSOA
E01005646,Salford 010A,LSOA
E01005645,Salford 029G,LSOA
E01004828,Bolton 023A,LSOA
E01005917,Stockport 007D,LSOA
E01005996,Tameside 010C,LSOA
E01005997,Tameside 010D,LSOA
E01032911,Salford 022J,LSOA
E01005554,Rochdale 022F,LSOA
E01005557,Rochdale 014B,LSOA
E01033687,Manchester 003G,LSOA
E01005556,Rochdale 013A,LSOA
E01005555,Rochdale 014A,LSOA
E01032556,Oldham 026E,LSOA
E01006319,Wigan 001D,LSOA
E01005849,Stockport 036C,LSOA
E01006317,Wigan 001C,LSOA
E01005847,Stockport 040B,LSOA
E01004867,Bolton 008B,LSOA
E01004864,Bolton 008A,LSOA
E01005459,Oldham 024D,LSOA
E01005451,Oldham 019D,LSOA
E01005453,Oldham 007D,LSOA
E01005450,Oldham 019C,LSOA
E01005452,Oldham 007C,LSOA
E01005812,Stockport 037E,LSOA
E01005220,Manchester 031B,LSOA
E01005221,Manchester 031C,LSOA
E01005222,Manchester 031D,LSOA
E01005223,Manchester 007A,LSOA
E01005225,Manchester 007C,LSOA
E01005224,Manchester 007B,LSOA
E01005965,Tameside 019C,LSOA
E01005077,Manchester 042A,LSOA
E01005076,Manchester 039A,LSOA
E01005083,Manchester 039D,LSOA
E01004986,Bury 020B,LSOA
E01004907,Bolton 034D,LSOA
E01004904,Bolton 034B,LSOA
E01004985,Bury 019B,LSOA
E01005899,Stockport 012B,LSOA
E01005891,Stockport 001D,LSOA
E01005587,Rochdale 007E,LSOA
E01005683,Salford 017C,LSOA
E01005172,Manchester 043A,LSOA
E01005926,Stockport 042C,LSOA
E01004978,Bury 004C,LSOA
E01004822,Bolton 016B,LSOA
E01005638,Salford 027D,LSOA
E01005346,Oldham 028D,LSOA
E01006382,Wigan 028C,LSOA
E01006383,Wigan 028D,LSOA
E01006301,Wigan 037E,LSOA
E01006410,Wigan 020E,LSOA
E01006133,Trafford 010C,LSOA
E01006135,Trafford 028B,LSOA
E01006132,Trafford 007E,LSOA
E01006137,Trafford 028D,LSOA
E01006134,Trafford 028A,LSOA
E01006136,Trafford 028C,LSOA
E01006130,Trafford 007D,LSOA
E01006376,Wigan 028A,LSOA
E01005288,Manchester 025E,LSOA
E01005289,Manchester 049D,LSOA
E01005209,Manchester 019B,LSOA
E01006159,Trafford 006C,LSOA
E01005463,Oldham 035F,LSOA
E01005986,Tameside 025B,LSOA
E01005393,Oldham 008C,LSOA
E01005505,Rochdale 018E,LSOA
E01004798,Bolton 019B,LSOA
E01033679,Manchester 009G,LSOA
E01033671,Manchester 039F,LSOA
E01033678,Manchester 009F,LSOA
E01033673,Manchester 059D,LSOA
E01033670,Manchester 039E,LSOA
E01033675,Manchester 058D,LSOA
E01033672,Manchester 059C,LSOA
E01006051,Tameside 023D,LSOA
E01006050,Tameside 027C,LSOA
E01006053,Tameside 001A,LSOA
E01005521,Rochdale 003C,LSOA
E01005273,Manchester 035C,LSOA
E01006042,Tameside 030A,LSOA
E01005067,Manchester 020A,LSOA
E01005066,Manchester 018E,LSOA
E01005250,Manchester 005D,LSOA
E01004870,Bolton 015C,LSOA
E01005177,Manchester 043F,LSOA
E01005164,Manchester 006A,LSOA
E01005728,Salford 019D,LSOA
E01005721,Salford 023D,LSOA
E01005723,Salford 021F,LSOA
E01005720,Salford 021D,LSOA
E01005729,Salford 025A,LSOA
E01005494,Rochdale 005E,LSOA
E01005896,Stockport 002D,LSOA
E01005624,Salford 017A,LSOA
E01005988,Tameside 024C,LSOA
E01005902,Stockport 012D,LSOA
E01005087,Manchester 050A,LSOA
E01004871,Bolton 015D,LSOA
E01005639,Salford 029A,LSOA
E01004785,Bolton 006B,LSOA
E01004786,Bolton 006C,LSOA
E01004784,Bolton 006A,LSOA
E01005628,Salford 018D,LSOA
E01004958,Bury 008A,LSOA
E01005449,Oldham 012B,LSOA
E01005448,Oldham 012A,LSOA
E01004959,Bury 008B,LSOA
E01005360,Oldham 001D,LSOA
E01005931,Stockport 041D,LSOA
E01005930,Stockport 032D,LSOA
E01005933,Tameside 006A,LSOA
E01006024,Tameside 022A,LSOA
E01004893,Bolton 028B,LSOA
E01004812,Bolton 022B,LSOA
E01004851,Bolton 021D,LSOA
E01005878,Stockport 020A,LSOA
E01005879,Stockport 020B,LSOA
E01005742,Salford 014F,LSOA
E01005743,Stockport 009A,LSOA
E01005745,Stockport 005A,LSOA
E01005744,Stockport 009B,LSOA
E01005747,Stockport 005C,LSOA
E01005740,Salford 014D,LSOA
E01005741,Salford 014E,LSOA
E01004997,Bury 014A,LSOA
E01004916,Bolton 024F,LSOA
E01004919,Bolton 012D,LSOA
E01004998,Bury 014B,LSOA
E01004815,Bolton 022D,LSOA
E01004894,Bolton 028C,LSOA
E01005476,Rochdale 017A,LSOA
E01005477,Rochdale 017B,LSOA
E01005218,Manchester 034F,LSOA
E01005290,Manchester 052A,LSOA
E01005210,Manchester 019C,LSOA
E01005291,Manchester 050E,LSOA
E01005299,Manchester 029F,LSOA
E01005219,Manchester 031A,LSOA
E01004943,Bury 021C,LSOA
E01004940,Bolton 035E,LSOA
E01005648,Salford 011B,LSOA
E01005641,Salford 029C,LSOA
E01005640,Salford 029B,LSOA
E01005643,Salford 029E,LSOA
E01005642,Salford 029D,LSOA
E01005649,Salford 010B,LSOA
E01006406,Wigan 020A,LSOA
E01005915,Stockport 007B,LSOA
E01005994,Tameside 011A,LSOA
E01005995,Tameside 010B,LSOA
E01005993,Tameside 010A,LSOA
E01005912,Stockport 029D,LSOA
E01006316,Wigan 001B,LSOA
E01005028,Bury 011C,LSOA
E01032558,Oldham 007E,LSOA
E01032557,Oldham 026F,LSOA
E01032559,Oldham 007F,LSOA
E01033217,Bolton 016E,LSOA
E01004966,Bury 005C,LSOA
E01004967,Bury 005D,LSOA
E01004796,Bolton 019A,LSOA
E01006236,Wigan 007A,LSOA
E01006237,Wigan 002D,LSOA
E01006234,Wigan 004C,LSOA
E01006235,Wigan 004D,LSOA
E01005347,Oldham 028E,LSOA
E01005327,Oldham 017A,LSOA
E01005326,Oldham 022B,LSOA
E01005324,Oldham 029C,LSOA
E01004860,Bolton 032C,LSOA
E01004863,Bolton 033C,LSOA
E01004861,Bolton 033A,LSOA
E01005005,Bury 012C,LSOA
E01006175,Trafford 018C,LSOA
E01005397,Oldham 009A,LSOA
E01006275,Wigan 016C,LSOA
E01004792,Bolton 006F,LSOA
E01004924,Bolton 008D,LSOA
E01004927,Bolton 010C,LSOA
E01005961,Tameside 014A,LSOA
E01005071,Manchester 048A,LSOA
E01005073,Manchester 048C,LSOA
E01005070,Manchester 051B,LSOA
E01005078,Manchester 042B,LSOA
E01006349,Wigan 015A,LSOA
E01006348,Wigan 039E,LSOA
E01005604,Salford 027B,LSOA
E01004980,Bury 008D,LSOA
E01004901,Bolton 028E,LSOA
E01004981,Bury 004D,LSOA
E01004900,Bolton 030D,LSOA
E01005865,Stockport 008B,LSOA
E01005256,Manchester 011A,LSOA
E01006221,Wigan 035B,LSOA
E01006220,Wigan 035A,LSOA
E01006222,Wigan 035C,LSOA
E01006223,Wigan 036A,LSOA
E01006335,Wigan 034E,LSOA
E01006312,Wigan 003B,LSOA
E01005560,Rochdale 013C,LSOA
E01005561,Rochdale 014D,LSOA
E01005563,Rochdale 012B,LSOA
E01005562,Rochdale 014E,LSOA
E01006268,Wigan 032E,LSOA
E01006269,Wigan 013A,LSOA
E01005374,Oldham 034C,LSOA
E01005377,Oldham 030A,LSOA
E01005375,Oldham 034D,LSOA
E01005301,Manchester 033E,LSOA
E01005380,Oldham 030C,LSOA
E01005300,Manchester 033D,LSOA
E01005381,Oldham 027D,LSOA
E01006088,Trafford 026C,LSOA
E01006009,Tameside 016A,LSOA
E01006089,Trafford 024C,LSOA
E01005308,Manchester 040E,LSOA
E01005389,Oldham 018C,LSOA
E01005462,Oldham 035E,LSOA
E01005987,Tameside 024B,LSOA
E01005678,Salford 008C,LSOA
E01005679,Salford 008D,LSOA
E01005314,Manchester 053B,LSOA
E01004842,Bolton 012C,LSOA
E01005898,Stockport 010B,LSOA
E01005157,Manchester 037D,LSOA
E01006372,Wigan 006B,LSOA
E01006373,Wigan 006C,LSOA
E01006116,Trafford 002A,LSOA
E01006197,Trafford 010D,LSOA
E01005601,Salford 026C,LSOA
E01006300,Wigan 037D,LSOA
E01006381,Wigan 028B,LSOA
E01006303,Wigan 040B,LSOA
E01006031,Tameside 020A,LSOA
E01006030,Tameside 028C,LSOA
E01006032,Tameside 020B,LSOA
E01006033,Tameside 020C,LSOA
E01006034,Tameside 020D,LSOA
E01006035,Tameside 020E,LSOA
E01005170,Manchester 045D,LSOA
E01005522,Rochdale 001C,LSOA
E01006140,Trafford 026E,LSOA
E01006143,Trafford 011B,LSOA
E01006145,Trafford 004D,LSOA
E01006142,Trafford 011A,LSOA
E01006147,Trafford 012A,LSOA
E01006144,Trafford 011C,LSOA
E01006141,Trafford 003A,LSOA
E01005822,Stockport 016D,LSOA
E01005825,Stockport 019A,LSOA
E01005824,Stockport 024A,LSOA
E01006047,Tameside 023A,LSOA
E01005122,Manchester 041C,LSOA
E01005125,Manchester 040A,LSOA
E01005124,Manchester 041E,LSOA
E01033330,Salford 022K,LSOA
E01005120,Manchester 034B,LSOA
E01005123,Manchester 041D,LSOA
E01005358,Oldham 001B,LSOA
E01005351,Oldham 016B,LSOA
E01005353,Oldham 016D,LSOA
E01005350,Oldham 014B,LSOA
E01005352,Oldham 016C,LSOA
E01005165,Manchester 008D,LSOA
E01005621,Salford 030F,LSOA
E01005061,Manchester 018A,LSOA
E01005060,Bury 013D,LSOA
E01005843,Stockport 021E,LSOA
E01005081,Manchester 039C,LSOA
E01004848,Bolton 016D,LSOA
E01005686,Salford 006A,LSOA
E01004915,Bolton 024E,LSOA
E01004994,Bury 015D,LSOA
E01005238,Manchester 027F,LSOA
E01005239,Manchester 020E,LSOA
E01005928,Stockport 032B,LSOA
E01005981,Tameside 029C,LSOA
E01005255,Manchester 012D,LSOA
E01005694,Salford 012C,LSOA
E01005612,Salford 016C,LSOA
E01005614,Salford 016E,LSOA
E01005615,Salford 016F,LSOA
E01005695,Salford 014A,LSOA
E01005617,Salford 030B,LSOA
E01005693,Salford 009D,LSOA
E01005613,Salford 016D,LSOA
E01005004,Bury 016C,LSOA
E01004881,Bolton 004B,LSOA
E01004800,Bolton 019D,LSOA
E01004803,Bolton 001B,LSOA
E01004882,Bolton 007C,LSOA
E01005068,Manchester 051A,LSOA
E01005414,Oldham 006C,LSOA
E01004801,Bolton 019E,LSOA
E01004939,Bolton 031E,LSOA
E01004938,Bolton 031D,LSOA
E01005767,Stockport 028A,LSOA
E01005368,Oldham 031C,LSOA
E01005911,Stockport 029C,LSOA
E01005990,Tameside 024D,LSOA
E01005910,Stockport 029B,LSOA
E01004971,Bury 022C,LSOA
E01005492,Rochdale 006B,LSOA
E01005766,Stockport 014C,LSOA
E01006162,Trafford 015D,LSOA
E01006165,Trafford 012E,LSOA
E01005867,Stockport 008C,LSOA
E01006287,Wigan 017D,LSOA
E01006206,Trafford 022B,LSOA
E01006286,Wigan 016E,LSOA
E01006207,Trafford 022C,LSOA
E01006285,Wigan 019E,LSOA
E01005390,Oldham 004A,LSOA
E01005153,Manchester 037B,LSOA
E01006271,Wigan 013B,LSOA
E01005580,Rochdale 008A,LSOA
E01006337,Wigan 027E,LSOA
E01005750,Stockport 009D,LSOA
E01006394,Wigan 021B,LSOA
E01006204,Trafford 022A,LSOA
E01006284,Wigan 027C,LSOA
E01006205,Trafford 023D,LSOA
E01006283,Wigan 027B,LSOA
E01006202,Trafford 009E,LSOA
E01006282,Wigan 027A,LSOA
E01006203,Trafford 010E,LSOA
E01006281,Wigan 019D,LSOA
E01005021,Bury 001F,LSOA
E01032687,Salford 022F,LSOA
E01006200,Trafford 009C,LSOA
E01006280,Wigan 019C,LSOA
E01006201,Trafford 009D,LSOA
E01004788,Bolton 002A,LSOA
E01004789,Bolton 006D,LSOA
E01005498,Rochdale 020A,LSOA
E01005939,Tameside 002B,LSOA
E01005577,Rochdale 011D,LSOA
E01005574,Rochdale 007D,LSOA
E01033682,Manchester 060C,LSOA
E01006181,Trafford 011E,LSOA
E01006103,Trafford 020E,LSOA
E01006182,Trafford 006D,LSOA
E01006102,Trafford 018A,LSOA
E01006183,Trafford 006E,LSOA
E01006184,Trafford 008D,LSOA
E01006105,Trafford 017B,LSOA
E01006100,Trafford 020D,LSOA
E01005704,Salford 002B,LSOA
E01005784,Stockport 030C,LSOA
E01005785,Stockport 030D,LSOA
E01005707,Salford 003C,LSOA
E01005786,Stockport 030E,LSOA
E01005705,Salford 003B,LSOA
E01005783,Stockport 030B,LSOA
E01005874,Stockport 019C,LSOA
E01004912,Bolton 024B,LSOA
E01004993,Bury 015C,LSOA
E01005156,Manchester 033B,LSOA
E01005811,Stockport 037D,LSOA
E01005507,Rochdale 020E,LSOA
E01005600,Salford 026B,LSOA
E01005927,Stockport 032A,LSOA
E01004963,Bury 006A,LSOA
E01004962,Bury 009C,LSOA
E01004977,Bury 004B,LSOA
E01006238,Wigan 002E,LSOA
E01006239,Wigan 017A,LSOA
E01006250,Wigan 029A,LSOA
E01006253,Wigan 005A,LSOA
E01006255,Wigan 005C,LSOA
E01006252,Wigan 034C,LSOA
E01006257,Wigan 008A,LSOA
E01006254,Wigan 005B,LSOA
E01006251,Wigan 029B,LSOA
E01004920,Bolton 012E,LSOA
E01004923,Bolton 018E,LSOA
E01004921,Bolton 008C,LSOA
E01006310,Wigan 012D,LSOA
E01004909,Bolton 034F,LSOA
E01004988,Bury 020D,LSOA
E01005816,Stockport 016B,LSOA
E01005626,Salford 018C,LSOA
E01005985,Tameside 024A,LSOA
E01005088,Manchester 050B,LSOA
E01005391,Oldham 008A,LSOA
E01005500,Rochdale 020B,LSOA
E01005688,Salford 006B,LSOA
E01005266,Manchester 044E,LSOA
E01006365,Wigan 018D,LSOA
E01005267,Manchester 046B,LSOA
E01006362,Wigan 018A,LSOA
E01005388,Oldham 018B,LSOA
E01005309,Manchester 036B,LSOA
E01005116,Manchester 047E,LSOA
E01005197,Manchester 023C,LSOA
E01005117,Manchester 048E,LSOA
E01005196,Manchester 023B,LSOA
E01006247,Wigan 034B,LSOA
E01006244,Wigan 023C,LSOA
E01006246,Wigan 034A,LSOA
E01006245,Wigan 023D,LSOA
E01006242,Wigan 023A,LSOA
E01005378,Oldham 031E,LSOA
E01005379,Oldham 030B,LSOA
E01005755,Stockport 004C,LSOA
E01006396,Wigan 011B,LSOA
E01005805,Stockport 035A,LSOA
E01005804,Stockport 023E,LSOA
E01005884,Stockport 020D,LSOA
E01004936,Bolton 031C,LSOA
E01004795,Bolton 013D,LSOA
E01005258,Manchester 011C,LSOA
E01006193,Trafford 024D,LSOA
E01006112,Trafford 001D,LSOA
E01006194,Trafford 024E,LSOA
E01006115,Trafford 004C,LSOA
E01006195,Trafford 021C,LSOA
E01006114,Trafford 004B,LSOA
E01006196,Trafford 021D,LSOA
E01006117,Trafford 002B,LSOA
E01006192,Trafford 023C,LSOA
E01006113,Trafford 004A,LSOA
E01006039,Tameside 028D,LSOA
E01006038,Tameside 022D,LSOA
E01006380,Wigan 029D,LSOA
E01005814,Stockport 033C,LSOA
E01006096,Trafford 020C,LSOA
E01006014,Tameside 018C,LSOA
E01006017,Tameside 016B,LSOA
E01006016,Tameside 017E,LSOA
E01006097,Trafford 015A,LSOA
E01005129,Manchester 013B,LSOA
E01006095,Trafford 019C,LSOA
E01006015,Tameside 017D,LSOA
E01005128,Manchester 055A,LSOA
E01005121,Manchester 041B,LSOA
E01005622,Salford 018A,LSOA
E01005468,Rochdale 016E,LSOA
E01005982,Tameside 029D,LSOA
E01005467,Rochdale 016D,LSOA
E01005086,Manchester 049B,LSOA
E01006174,Trafford 014D,LSOA
E01005318,Manchester 053E,LSOA
E01005508,Rochdale 020F,LSOA
E01006274,Wigan 016B,LSOA
E01005359,Oldham 001C,LSOA
E01005611,Salford 016B,LSOA
E01005690,Salford 009C,LSOA
E01005691,Salford 006C,LSOA
E01005610,Salford 022D,LSOA
E01005692,Salford 006D,LSOA
E01005618,Salford 030C,LSOA
E01005161,Manchester 004C,LSOA
E01005160,Manchester 004B,LSOA
E01005163,Manchester 004E,LSOA
E01005162,Manchester 004D,LSOA
E01004880,Bolton 029E,LSOA
E01005828,Stockport 024D,LSOA
E01006124,Trafford 005C,LSOA
E01006125,Trafford 007A,LSOA
E01006127,Trafford 007C,LSOA
E01006126,Trafford 007B,LSOA
E01006122,Trafford 005A,LSOA
E01006123,Trafford 005B,LSOA
E01033658,Manchester 054C,LSOA
E01033659,Manchester 055D,LSOA
E01033651,Manchester 054B,LSOA
E01033652,Manchester 022F,LSOA
E01033653,Manchester 055B,LSOA
E01033654,Manchester 055C,LSOA
E01033655,Manchester 056B,LSOA
E01006020,Tameside 018E,LSOA
E01005174,Manchester 043C,LSOA
E01005765,Stockport 018A,LSOA
E01004879,Bolton 025E,LSOA
E01005764,Stockport 016A,LSOA
E01004878,Bolton 023E,LSOA
E01005106,Manchester 015D,LSOA
E01005107,Manchester 015E,LSOA
E01004957,Bury 007D,LSOA
E01004956,Bury 007C,LSOA
E01004954,Bury 007A,LSOA
E01005478,Rochdale 017C,LSOA
E01004949,Bury 010A,LSOA
E01005460,Oldham 035C,LSOA
E01005885,Stockport 020E,LSOA
E01005886,Stockport 001A,LSOA
E01005802,Stockport 027C,LSOA
E01005883,Stockport 017C,LSOA
E01004877,Bolton 025D,LSOA
E01004876,Bolton 033E,LSOA
E01006049,Tameside 023C,LSOA
E01004826,Bolton 011C,LSOA
E01006160,Trafford 015B,LSOA
E01006163,Trafford 015E,LSOA
E01005864,Stockport 006B,LSOA
E01005022,Bury 003B,LSOA
E01004824,Bolton 005E,LSOA
E01005418,Oldham 018D,LSOA
E01006398,Wigan 011D,LSOA
E01005664,Salford 001D,LSOA
E01005667,Salford 028B,LSOA
E01033683,Manchester 060D,LSOA
E01005187,Manchester 021A,LSOA
E01004836,Bolton 020B,LSOA
E01005003,Bury 014E,LSOA
E01005687,Salford 009A,LSOA
E01005396,Oldham 004D,LSOA
E01004845,Bolton 018D,LSOA
E01005818,Stockport 018B,LSOA
E01005810,Stockport 037C,LSOA
E01004790,Bolton 002B,LSOA
E01005486,Rochdale 010F,LSOA
E01005407,Oldham 013A,LSOA
E01005487,Rochdale 010G,LSOA
E01005406,Oldham 021A,LSOA
E01005975,Tameside 021D,LSOA
E01005485,Rochdale 015D,LSOA
E01005972,Tameside 021B,LSOA
E01005578,Rochdale 004A,LSOA
E01005571,Rochdale 006D,LSOA
E01005579,Rochdale 004B,LSOA
E01004774,Bolton 005D,LSOA
E01004777,Bolton 004A,LSOA
E01004775,Bolton 014A,LSOA
E01006108,Trafford 017E,LSOA
E01006109,Trafford 001A,LSOA
E01006189,Trafford 003D,LSOA
E01006188,Trafford 001F,LSOA
E01033667,Manchester 054E,LSOA
E01033664,Manchester 054D,LSOA
E01005709,Salford 004C,LSOA
E01033666,Manchester 017F,LSOA
E01005708,Salford 002D,LSOA
E01005788,Stockport 034C,LSOA
E01005789,Stockport 039A,LSOA
E01033665,Manchester 056C,LSOA
E01033662,Manchester 057C,LSOA
E01005870,Stockport 015A,LSOA
E01005873,Stockport 015C,LSOA
E01005682,Salford 024D,LSOA
E01005479,Rochdale 017D,LSOA
E01004910,Bolton 034G,LSOA
E01004991,Bury 015A,LSOA
E01005953,Tameside 013E,LSOA
E01005952,Tameside 013D,LSOA
E01005955,Tameside 002D,LSOA
E01005954,Tameside 005A,LSOA
E01033680,Manchester 028E,LSOA
E01005084,Manchester 042D,LSOA
E01005836,Stockport 031B,LSOA
E01005950,Tameside 013B,LSOA
E01005862,Stockport 003A,LSOA
E01005851,Stockport 036D,LSOA
E01005850,Stockport 040D,LSOA
E01005853,Stockport 011A,LSOA
E01005852,Stockport 013A,LSOA
E01033219,Bolton 028G,LSOA
E01005945,Tameside 004C,LSOA
E01005944,Tameside 007D,LSOA
E01005518,Rochdale 001A,LSOA
E01005590,Rochdale 009C,LSOA
E01005511,Rochdale 019B,LSOA
E01005591,Rochdale 009D,LSOA
E01005519,Rochdale 002A,LSOA
E01005599,Salford 026A,LSOA
E01006216,Wigan 026C,LSOA
E01004969,Bury 022A,LSOA
E01004968,Bury 006B,LSOA
E01006330,Wigan 031C,LSOA
E01005907,Stockport 038C,LSOA
E01005008,Bury 016D,LSOA
E01005312,Manchester 036E,LSOA
E01005432,Oldham 014C,LSOA
E01005433,Oldham 014D,LSOA
E01005434,Oldham 024B,LSOA
E01005435,Oldham 035A,LSOA
E01005437,Oldham 024C,LSOA
E01005436,Oldham 035B,LSOA
E01006321,Wigan 003G,LSOA
E01006320,Wigan 003F,LSOA
E01005430,Oldham 022E,LSOA
E01005431,Oldham 019B,LSOA
E01005583,Rochdale 008D,LSOA
E01005773,Stockport 028C,LSOA
E01005924,Stockport 042A,LSOA
E01006043,Tameside 030B,LSOA
E01005861,Stockport 011D,LSOA
E01005199,Manchester 027B,LSOA
E01005190,Manchester 017E,LSOA
E01005251,Manchester 003D,LSOA
E01005191,Manchester 021C,LSOA
E01005111,Manchester 047B,LSOA
E01005118,Manchester 034A,LSOA
E01005119,Manchester 041A,LSOA
E01006249,Wigan 031B,LSOA
E01006248,Wigan 031A,LSOA
E01006006,Tameside 012D,LSOA
E01006087,Trafford 025E,LSOA
E01006007,Tameside 011F,LSOA
E01005412,Oldham 013B,LSOA
E01006338,Wigan 030D,LSOA
E01005840,Stockport 031D,LSOA
E01005039,Bury 023D,LSOA
E01005038,Bury 025D,LSOA
E01005031,Bury 025A,LSOA
E01005033,Bury 024B,LSOA
E01005030,Bury 013A,LSOA
E01006199,Trafford 009B,LSOA
E01005206,Manchester 006C,LSOA
E01005287,Manchester 026E,LSOA
E01005016,Bury 001C,LSOA
E01005097,Manchester 012C,LSOA
E01005058,Bury 017E,LSOA
E01005059,Bury 013C,LSOA
E01005050,Bury 006C,LSOA
E01005051,Bury 003E,LSOA
E01005052,Bury 006D,LSOA
E01005053,Bury 006E,LSOA
E01005983,Tameside 029E,LSOA
E01006177,Trafford 018E,LSOA
E01005795,Stockport 039D,LSOA
E01005717,Salford 013B,LSOA
E01005796,Stockport 039E,LSOA
E01005716,Salford 013A,LSOA
E01005714,Salford 007D,LSOA
E01005794,Stockport 041B,LSOA
E01006090,Trafford 020A,LSOA
E01006011,Tameside 018A,LSOA
E01005778,Stockport 022B,LSOA
E01005652,Salford 011C,LSOA
E01005653,Salford 011D,LSOA
E01005655,Salford 024A,LSOA
E01005654,Salford 023A,LSOA
E01004769,Bolton 003A,LSOA
E01004768,Bolton 001A,LSOA
E01005650,Salford 010C,LSOA
E01005651,Salford 010D,LSOA
E01005042,Bury 026C,LSOA
E01005045,Bury 023E,LSOA
E01005044,Bury 026E,LSOA
E01005047,Bury 003C,LSOA
E01005043,Bury 026D,LSOA
E01005040,Bury 026A,LSOA
E01006025,Tameside 027A,LSOA
E01005923,Stockport 041C,LSOA
E01005361,Oldham 003A,LSOA
E01005278,Manchester 035D,LSOA
E01004975,Bury 023C,LSOA
E01005025,Bury 011A,LSOA
E01006399,Wigan 011E,LSOA
E01005754,Stockport 004B,LSOA
E01006397,Wigan 011C,LSOA
E01005029,Bury 011D,LSOA
E01005846,Stockport 040A,LSOA
E01033684,Manchester 013F,LSOA
E01005901,Stockport 012C,LSOA
E01005464,Rochdale 016A,LSOA
E01005316,Manchester 053D,LSOA
E01004934,Bolton 035B,LSOA
E01004937,Bolton 035D,LSOA
E01004935,Bolton 035C,LSOA
E01004875,Bolton 029D,LSOA
E01004872,Bolton 029B,LSOA
E01004833,Bolton 026C,LSOA
E01004832,Bolton 023C,LSOA
E01004835,Bolton 020A,LSOA
E01004830,Bolton 026A,LSOA
E01005101,Manchester 002A,LSOA
E01005100,Manchester 001C,LSOA
E01005180,Manchester 030C,LSOA
E01005103,Manchester 001E,LSOA
E01005181,Manchester 030D,LSOA
E01005189,Manchester 017D,LSOA
E01005446,Oldham 003C,LSOA
E01004773,Bolton 003D,LSOA
E01005605,Salford 027C,LSOA
E01004772,Bolton 005C,LSOA
E01004770,Bolton 003B,LSOA
E01005636,Salford 020F,LSOA
E01004952,Bury 010D,LSOA
E01004955,Bury 007B,LSOA
E01005488,Rochdale 006A,LSOA
E01005527,Rochdale 022A,LSOA
E01005489,Rochdale 005A,LSOA
E01005409,Oldham 020D,LSOA
E01005408,Oldham 020C,LSOA
E01005971,Tameside 025A,LSOA
E01005970,Tameside 021A,LSOA
E01033669,Manchester 015G,LSOA
E01033668,Manchester 015F,LSOA
E01033661,Manchester 055E,LSOA
E01033660,Manchester 059B,LSOA
E01033663,Manchester 013E,LSOA
E01004976,Bury 004A,LSOA
E01005936,Tameside 004A,LSOA
E01005869,Stockport 006D,LSOA
E01004855,Bolton 027B,LSOA
E01004854,Bolton 023D,LSOA
E01005959,Tameside 005E,LSOA
E01005958,Tameside 005D,LSOA
E01005858,Stockport 013E,LSOA
E01004947,Bury 009A,LSOA
E01004946,Bury 021E,LSOA
E01004944,Bury 021D,LSOA
E01005598,Rochdale 002D,LSOA
E01005416,Oldham 013C,LSOA
E01006332,Wigan 031E,LSOA
E01006393,Wigan 021A,LSOA
E01005845,Stockport 036B,LSOA
E01005454,Oldham 012C,LSOA
E01005456,Oldham 012E,LSOA
E01004866,Bolton 011E,LSOA
E01005941,Tameside 007A,LSOA
E01005940,Tameside 002C,LSOA
E01005916,Stockport 007C,LSOA
E01006290,Wigan 022A,LSOA
E01006210,Trafford 021E,LSOA
E01006291,Wigan 022B,LSOA
E01006292,Wigan 022C,LSOA
E01006211,Trafford 022E,LSOA
E01033681,Manchester 060B,LSOA
E01032915,Salford 028I,LSOA
E01032914,Salford 028H,LSOA
E01032917,Salford 028J,LSOA
E01032912,Salford 028G,LSOA
E01005455,Oldham 012D,LSOA
E01006173,Trafford 018B,LSOA
E01005394,Oldham 004B,LSOA
E01006273,Wigan 013D,LSOA
E01005504,Rochdale 018D,LSOA
E01004799,Bolton 019C,LSOA
E01005227,Manchester 009D,LSOA
E01005226,Manchester 007D,LSOA
E01006328,Wigan 030A,LSOA
E01006329,Wigan 026E,LSOA
E01005967,Tameside 019E,LSOA
E01005539,Rochdale 024B,LSOA
E01005538,Rochdale 023D,LSOA
E01005531,Rochdale 025B,LSOA
E01005533,Rochdale 024A,LSOA
E01005530,Rochdale 025A,LSOA
E01005964,Tameside 019B,LSOA
E01005738,Salford 014C,LSOA
E01005739,Salford 013G,LSOA
E01005730,Salford 025B,LSOA
E01005731,Salford 025C,LSOA
E01006062,Tameside 003C,LSOA
E01004926,Bolton 010B,LSOA
E01005772,Stockport 028B,LSOA
E01005439,Oldham 030E,LSOA
E01005438,Oldham 029E,LSOA
E01004987,Bury 020C,LSOA
E01004906,Bolton 032E,LSOA
E01005249,Manchester 005C,LSOA
E01005248,Manchester 005B,LSOA
E01005171,Manchester 045E,LSOA
E01005523,Rochdale 001D,LSOA
E01005272,Manchester 035B,LSOA
E01006044,Tameside 030C,LSOA
E01005860,Stockport 011C,LSOA
E01005252,Manchester 003E,LSOA
E01005269,Manchester 046D,LSOA
E01005268,Manchester 046C,LSOA
E01006369,Wigan 008C,LSOA
E01006368,Wigan 018G,LSOA
E01006390,Wigan 006E,LSOA
E01005495,Rochdale 005F,LSOA
E01006072,Tameside 015E,LSOA
E01005311,Manchester 036D,LSOA
E01004840,Bolton 012A,LSOA
E01006060,Tameside 008A,LSOA
E01006061,Tameside 003B,LSOA
E01004793,Bolton 013B,LSOA
E01032922,Oldham 020E,LSOA
E01006073,Tameside 009D,LSOA
E01005387,Oldham 018A,LSOA
E01006080,Trafford 024B,LSOA
E01006289,Wigan 017E,LSOA
E01006001,Tameside 012B,LSOA
E01006208,Trafford 022D,LSOA
E01006081,Trafford 027B,LSOA
E01006288,Wigan 025A,LSOA
E01006000,Tameside 010E,LSOA
E01005306,Manchester 040C,LSOA
E01005542,Rochdale 023G,LSOA
E01005545,Rochdale 025E,LSOA
E01005544,Rochdale 025D,LSOA
E01005547,Rochdale 024D,LSOA
E01005543,Rochdale 021F,LSOA
E01005540,Rochdale 023E,LSOA
E01005566,Rochdale 012D,LSOA
E01006260,Wigan 005E,LSOA
E01006263,Wigan 032B,LSOA
E01005905,Stockport 012E,LSOA
E01005466,Rochdale 016C,LSOA
E01004846,Bolton 025A,LSOA
E01005150,Manchester 029A,LSOA
E01005501,Rochdale 018B,LSOA
E01006209,Trafford 023E,LSOA
E01005201,Manchester 023E,LSOA
E01005200,Manchester 027C,LSOA
E01005280,Manchester 026A,LSOA
E01005203,Manchester 009B,LSOA
E01005281,Manchester 026B,LSOA
E01005202,Manchester 009A,LSOA
E01005282,Manchester 032D,LSOA
E01005208,Manchester 019A,LSOA
E01005011,Bury 019E,LSOA
E01005090,Manchester 050C,LSOA
E01005010,Bury 018B,LSOA
E01005091,Manchester 050D,LSOA
E01005013,Bury 018D,LSOA
E01005092,Manchester 015A,LSOA
E01005364,Oldham 031B,LSOA
E01005675,Salford 008B,LSOA
E01005674,Salford 012B,LSOA
E01006151,Trafford 016B,LSOA
E01006150,Trafford 012C,LSOA
E01006158,Trafford 008B,LSOA
E01006026,Tameside 022B,LSOA
E01005719,Salford 021C,LSOA
E01033676,Manchester 056D,LSOA
E01005718,Salford 007F,LSOA
E01005798,Stockport 027A,LSOA
E01005799,Stockport 026D,LSOA
E01033677,Manchester 060A,LSOA
E01033674,Manchester 058C,LSOA
E01006356,Wigan 011A,LSOA
E01006357,Wigan 010C,LSOA
E01006354,Wigan 014B,LSOA
E01006355,Wigan 014C,LSOA
E01006352,Wigan 015B,LSOA
E01006066,Tameside 008D,LSOA
E01006057,Tameside 001D,LSOA
E01006054,Tameside 001B,LSOA
E01006056,Tameside 003A,LSOA
E01006055,Tameside 001C,LSOA
E01006052,Tameside 027D,LSOA
E01006353,Wigan 014A,LSOA
E01006350,Wigan 010A,LSOA
E01006351,Wigan 010B,LSOA
E01006067,Tameside 009A,LSOA
E01006064,Tameside 008B,LSOA
E01006065,Tameside 008C,LSOA
E01004766,Bolton 005A,LSOA
E01005024,Bury 008E,LSOA
E01005259,Manchester 011D,LSOA
E01005906,Stockport 038B,LSOA
E01005001,Bury 012B,LSOA
E01004886,Bolton 014C,LSOA
E01004807,Bolton 001D,LSOA
E01004806,Bolton 002D,LSOA
E01004887,Bolton 014D,LSOA
E01006358,Wigan 014D,LSOA
E01006359,Wigan 014E,LSOA
E01005725,Salford 019A,LSOA
E01005724,Salford 021G,LSOA
E01005727,Salford 019C,LSOA
E01006063,Tameside 003D,LSOA
E01006168,Trafford 019E,LSOA
E01006169,Trafford 013B,LSOA
E01005411,Oldham 006B,LSOA
E01005757,Stockport 014A,LSOA
E01005420,Oldham 021D,LSOA
E01005421,Oldham 011A,LSOA
E01005422,Oldham 011B,LSOA
E01005722,Salford 021E,LSOA
E01005815,Stockport 033D,LSOA
E01006068,Tameside 009B,LSOA
E01006069,Tameside 009C,LSOA
E01005777,Stockport 034A,LSOA
E01033688,Manchester 013G,LSOA
E01005525,Rochdale 021B,LSOA
E01033685,Manchester 003F,LSOA
E01006046,Tameside 030E,LSOA
E01005863,Stockport 006A,LSOA
E01005813,Stockport 033B,LSOA
E01004787,Bolton 013A,LSOA
E01004839,Bolton 026D,LSOA
E01004838,Bolton 018B,LSOA
E01005277,Manchester 038D,LSOA
E01005831,Stockport 027F,LSOA
E01005830,Stockport 027E,LSOA
E01005833,Stockport 021B,LSOA
E01005832,Stockport 021A,LSOA
E01005746,Stockport 005B,LSOA
E01005627,Salford 015B,LSOA
E01005908,Stockport 017D,LSOA
E01005904,Stockport 010E,LSOA
E01005310,Manchester 036C,LSOA
E01005152,Manchester 029C,LSOA
E01005581,Rochdale 008B,LSOA
E01004895,Bolton 031B,LSOA
E01004814,Bolton 027A,LSOA
E01005212,Manchester 057A,LSOA
E01005293,Manchester 052C,LSOA
E01005294,Manchester 052D,LSOA
E01005215,Manchester 034C,LSOA
E01005214,Manchester 019D,LSOA
E01005295,Manchester 049E,LSOA
E01005213,Manchester 059A,LSOA
E01005292,Manchester 052B,LSOA
E01005178,Manchester 030A,LSOA
E01005925,Stockport 042B,LSOA
E01005176,Manchester 043E,LSOA
E01006041,Tameside 028F,LSOA
E01006219,Wigan 024E,LSOA
E01006218,Wigan 024D,LSOA
E01006298,Wigan 037B,LSOA
E01006299,Wigan 037C,LSOA
E01005558,Rochdale 014C,LSOA
E01005551,Rochdale 022C,LSOA
E01005553,Rochdale 022E,LSOA
E01005550,Rochdale 025G,LSOA
E01005552,Rochdale 022D,LSOA
E01005559,Rochdale 013B,LSOA
E01004865,Bolton 011D,LSOA
E01005027,Bury 011B,LSOA
E01004862,Bolton 033B,LSOA
E01005229,Manchester 007E,LSOA
E01005228,Manchester 009E,LSOA
E01005963,Tameside 019A,LSOA
E01005962,Tameside 014B,LSOA
E01005960,Tameside 006E,LSOA
E01005410,Oldham 006A,LSOA
E01005756,Stockport 004D,LSOA
E01005841,Stockport 035D,LSOA
E01005072,Manchester 048B,LSOA
E01005075,Manchester 051D,LSOA
E01005074,Manchester 051C,LSOA
E01006341,Wigan 040D,LSOA
E01006340,Wigan 039B,LSOA
E01006343,Wigan 039C,LSOA
E01006345,Wigan 039D,LSOA
E01006342,Wigan 038C,LSOA
E01004983,Bury 020A,LSOA
E01004902,Bolton 032D,LSOA
E01004984,Bury 019A,LSOA
E01004905,Bolton 034C,LSOA
E01004982,Bury 004E,LSOA
E01004903,Bolton 034A,LSOA
E01005895,Stockport 003C,LSOA
E01004797,Bolton 013E,LSOA
E01005623,Salford 018B,LSOA
E01005469,Rochdale 012A,LSOA
E01005903,Stockport 010D,LSOA
E01005398,Oldham 009B,LSOA
E01005509,Rochdale 018F,LSOA
E01005383,Oldham 026A,LSOA
E01005305,Manchester 036A,LSOA
E01005304,Manchester 040B,LSOA
E01006226,Wigan 035E,LSOA
E01006227,Wigan 038A,LSOA
E01005921,Stockport 003E,LSOA
E01006224,Wigan 035D,LSOA
E01006225,Wigan 036B,LSOA
E01005307,Manchester 040D,LSOA
E01005386,Oldham 026D,LSOA
E01005382,Oldham 030D,LSOA
E01005302,Manchester 028C,LSOA
E01006008,Tameside 017A,LSOA
E01006071,Tameside 015D,LSOA
E01006070,Tameside 015C,LSOA
E01006138,Trafford 028E,LSOA
E01006131,Trafford 005E,LSOA
E01006139,Trafford 026D,LSOA
E01005564,Rochdale 015E,LSOA
E01032921,Oldham 035G,LSOA
E01032920,Oldham 011E,LSOA
E01005567,Rochdale 013D,LSOA
E01006261,Wigan 036C,LSOA
E01005565,Rochdale 012C,LSOA
E01005376,Oldham 031D,LSOA
E01005023,Bury 002B,LSOA
E01004829,Bolton 023B,LSOA
E01005670,Salford 005A,LSOA
E01005673,Salford 008A,LSOA
E01005672,Salford 005B,LSOA
E01005671,Salford 012A,LSOA
E01006374,Wigan 006D,LSOA
E01006377,Wigan 025D,LSOA
E01006375,Wigan 008E,LSOA
E01005098,Manchester 001A,LSOA
E01005019,Bury 002A,LSOA
E01005099,Manchester 001B,LSOA
E01005018,Bury 001E,LSOA
E01006384,Wigan 028E,LSOA
E01006385,Wigan 029E,LSOA
E01006304,Wigan 040C,LSOA
E01006386,Wigan 009C,LSOA
E01006307,Wigan 009B,LSOA
E01006387,Wigan 009D,LSOA
E01006306,Wigan 009A,LSOA
E01006302,Wigan 040A,LSOA
E01006305,Wigan 012A,LSOA
E01006036,Tameside 020F,LSOA
E01005499,Rochdale 006C,LSOA
E01005752,Stockport 012A,LSOA
E01006314,Wigan 003D,LSOA
E01006037,Tameside 022C,LSOA
E01006146,Trafford 004E,LSOA
E01005465,Rochdale 016B,LSOA
E01006178,Trafford 014E,LSOA
E01005082,Manchester 037A,LSOA
E01006172,Trafford 016E,LSOA
E01005317,Manchester 052E,LSOA
E01006278,Wigan 019A,LSOA
E01006272,Wigan 013C,LSOA
E01005126,Manchester 045A,LSOA
E01005354,Oldham 016E,LSOA
E01005357,Oldham 001A,LSOA
E01005356,Oldham 005B,LSOA
E01006059,Tameside 001F,LSOA
E01006058,Tameside 001E,LSOA
E01005355,Oldham 005A,LSOA
E01005827,Stockport 024C,LSOA
E01005826,Stockport 024B,LSOA
E01004767,Bolton 005B,LSOA
E01005166,Manchester 008E,LSOA
E01005167,Manchester 008F,LSOA
E01005616,Salford 030A,LSOA
E01005697,Salford 014B,LSOA
E01005696,Salford 012D,LSOA
E01005603,Salford 027A,LSOA
E01004805,Bolton 002C,LSOA
E01004884,Bolton 007E,LSOA
E01004885,Bolton 014B,LSOA
E01004804,Bolton 001C,LSOA
E01004802,Bolton 010A,LSOA
E01004883,Bolton 007D,LSOA
E01005524,Rochdale 021A,LSOA
E01005062,Manchester 018B,LSOA
E01005065,Manchester 018D,LSOA
E01005063,Manchester 018C,LSOA
E01004979,Bury 008C,LSOA
E01004973,Bury 023B,LSOA
E01004931,Bolton 017E,LSOA
E01004930,Bolton 017D,LSOA
E01005429,Oldham 022D,LSOA
E01005428,Oldham 019A,LSOA
E01006167,Trafford 019D,LSOA
E01006166,Trafford 013A,LSOA
E01006164,Trafford 014C,LSOA
E01005417,Oldham 013D,LSOA
E01005759,Stockport 023A,LSOA
E01005842,Stockport 038A,LSOA
E01005461,Oldham 035D,LSOA
E01005341,Oldham 028B,LSOA
E01006339,Wigan 039A,LSOA
E01006256,Wigan 005D,LSOA
E01004780,Bolton 009B,LSOA
E01004781,Bolton 007B,LSOA
E01004782,Bolton 009C,LSOA
E01004783,Bolton 009D,LSOA
E01005089,Manchester 049C,LSOA
E01006170,Trafford 013C,LSOA
E01005392,Oldham 008B,LSOA
E01004843,Bolton 018C,LSOA
E01005938,Tameside 002A,LSOA
E01005749,Stockport 009C,LSOA
E01005748,Stockport 005D,LSOA
E01005770,Stockport 025B,LSOA
E01005689,Salford 009B,LSOA
E01005155,Manchester 037C,LSOA
E01006270,Wigan 016A,LSOA
E01005502,Rochdale 018C,LSOA
E01005576,Rochdale 011C,LSOA
E01005979,Tameside 029A,LSOA
E01005978,Tameside 026D,LSOA
E01006186,Trafford 003B,LSOA
E01006107,Trafford 017D,LSOA
E01006187,Trafford 003C,LSOA
E01006106,Trafford 017C,LSOA
E01006104,Trafford 017A,LSOA
E01006185,Trafford 001E,LSOA
E01005787,Stockport 034B,LSOA
E01005706,Salford 002C,LSOA
E01005877,Stockport 019E,LSOA
E01005876,Stockport 019D,LSOA
E01005839,Stockport 035C,LSOA
E01005838,Stockport 031C,LSOA
E01004917,Bolton 019F,LSOA
E01005976,Tameside 026B,LSOA
E01004996,Bury 016B,LSOA
E01004914,Bolton 024D,LSOA
E01004995,Bury 018A,LSOA
E01004859,Bolton 032B,LSOA
E01004813,Bolton 022C,LSOA
E01004858,Bolton 032A,LSOA
E01004892,Bolton 030A,LSOA
E01005475,Rochdale 015C,LSOA
E01005474,Rochdale 011A,LSOA
E01005270,Manchester 035A,LSOA
E01005298,Manchester 028B,LSOA
E01004941,Bury 021A,LSOA
E01005232,Manchester 020C,LSOA
E01005233,Manchester 027D,LSOA
E01005234,Manchester 027E,LSOA
E01005235,Manchester 020D,LSOA
E01005237,Manchester 022E,LSOA
E01005236,Manchester 022D,LSOA
E01005230,Manchester 022B,LSOA
E01005231,Manchester 022C,LSOA
E01006402,Wigan 021F,LSOA
E01005992,Tameside 025D,LSOA
E01005913,Stockport 038D,LSOA
E01006405,Wigan 015D,LSOA
E01006404,Wigan 015C,LSOA
E01006407,Wigan 020B,LSOA
E01005991,Tameside 024E,LSOA
E01006403,Wigan 021G,LSOA
E01032919,Salford 017F,LSOA
E01005948,Tameside 013A,LSOA
E01005949,Tameside 006D,LSOA
E01004964,Bury 009D,LSOA
E01004965,Bury 005B,LSOA
E01005596,Rochdale 003D,LSOA
E01005597,Rochdale 002C,LSOA
E01005516,Rochdale 003A,LSOA
E01005517,Rochdale 003B,LSOA
E01006231,Wigan 004A,LSOA
E01006230,Wigan 002B,LSOA
E01005340,Oldham 010D,LSOA
E01006232,Wigan 004B,LSOA
E01005343,Oldham 027B,LSOA
E01005493,Rochdale 005D,LSOA
E01006233,Wigan 002C,LSOA
E01005342,Oldham 027A,LSOA
E01005345,Oldham 028C,LSOA
E01005344,Oldham 027C,LSOA
E01005320,Oldham 024A,LSOA
E01005321,Oldham 022A,LSOA
E01005322,Oldham 029A,LSOA
E01005323,Oldham 029B,LSOA
E01005325,Oldham 029D,LSOA
E01004922,Bolton 015E,LSOA
E01004925,Bolton 008E,LSOA
E01005968,Tameside 014C,LSOA
E01005969,Tameside 014D,LSOA
E01005079,Manchester 042C,LSOA
E01005132,Manchester 013C,LSOA
E01005133,Manchester 013D,LSOA
E01005135,Manchester 002B,LSOA
E01005136,Manchester 002C,LSOA
E01005130,Manchester 054A,LSOA
E01004908,Bolton 034E,LSOA
E01004989,Bury 019C,LSOA
E01004847,Bolton 025B,LSOA
E01005158,Manchester 033C,LSOA
E01006277,Wigan 016D,LSOA
E01005365,Oldham 033A,LSOA
E01005779,Stockport 022C,LSOA
E01032685,Salford 028E,LSOA
E01005866,Stockport 006C,LSOA
E01006022,Tameside 015A,LSOA
E01005279,Manchester 035E,LSOA
E01006367,Wigan 018F,LSOA
E01006366,Wigan 018E,LSOA
E01006364,Wigan 018C,LSOA
E01006228,Wigan 038B,LSOA
E01006229,Wigan 002A,LSOA
E01033220,Bolton 016F,LSOA
E01006078,Trafford 024A,LSOA
E01006079,Trafford 025D,LSOA
E01005569,Rochdale 012F,LSOA
E01005568,Rochdale 012E,LSOA
E01005373,Oldham 034B,LSOA
E01005372,Oldham 034A,LSOA
E01005370,Oldham 032C,LSOA
E01005371,Oldham 032D,LSOA
E01006318,Wigan 003E,LSOA
E01032907,Salford 022H,LSOA
E01032906,Salford 022G,LSOA
E01005893,Stockport 002C,LSOA
E01006370,Wigan 006A,LSOA
E01006371,Wigan 008D,LSOA
E01005980,Tameside 029B,LSOA
E01005002,Bury 014D,LSOA
E01005506,Rochdale 020D,LSOA
E01004791,Bolton 006E,LSOA
E01006149,Trafford 012B,LSOA
E01006148,Trafford 016A,LSOA
E01005774,Stockport 028D,LSOA
E01005602,Salford 026D,LSOA
E01033656,Manchester 057B,LSOA
E01033657,Manchester 022G,LSOA
E01005069,Manchester 047A,LSOA
E01005974,Tameside 021C,LSOA
E01005977,Tameside 026C,LSOA
E01005329,Oldham 015A,LSOA
E01005328,Oldham 017B,LSOA
E01005247,Manchester 005A,LSOA
E01005848,Stockport 040C,LSOA
E01006076,Trafford 025C,LSOA
E01006388,Wigan 007B,LSOA
E01005821,Stockport 018E,LSOA
E01005820,Stockport 018D,LSOA
E01005823,Stockport 018F,LSOA
E01005274,Manchester 038A,LSOA
E01005257,Manchester 011B,LSOA
E01005497,Rochdale 018A,LSOA
E01006333,Wigan 030B,LSOA
E01005758,Stockport 014B,LSOA
E01006392,Wigan 009E,LSOA
E01005315,Manchester 053C,LSOA
E01005154,Manchester 033A,LSOA
E01005806,Stockport 033A,LSOA
E01005887,Stockport 002A,LSOA
E01005807,Stockport 035B,LSOA
E01005585,Rochdale 008F,LSOA
E01005366,Oldham 033B,LSOA
E01005957,Tameside 005C,LSOA
E01005956,Tameside 005B,LSOA
E01005593,Rochdale 004D,LSOA
E01005512,Rochdale 019C,LSOA
E01005515,Rochdale 019F,LSOA
E01005947,Tameside 004E,LSOA
E01005594,Rochdale 002B,LSOA
E01005514,Rochdale 019E,LSOA
E01005595,Rochdale 004E,LSOA
E01006325,Wigan 033C,LSOA
E01006324,Wigan 033B,LSOA
E01006327,Wigan 033E,LSOA
E01006326,Wigan 033D,LSOA
E01006027,Tameside 027B,LSOA
E01005922,Stockport 003F,LSOA
E01005490,Rochdale 005B,LSOA
E01005929,Stockport 032C,LSOA
E01005520,Rochdale 001B,LSOA
E01005572,Rochdale 007B,LSOA
E01005575,Rochdale 011B,LSOA
E01005573,Rochdale 007C,LSOA
E01005570,Rochdale 007A,LSOA
E01004970,Bury 022B,LSOA
E01004776,Bolton 031A,LSOA
E01006101,Trafford 021A,LSOA
E01006180,Trafford 011D,LSOA
E01005701,Salford 015D,LSOA
E01005700,Salford 012F,LSOA
E01005780,Stockport 022D,LSOA
E01005703,Salford 002A,LSOA
E01005781,Stockport 022E,LSOA
E01005702,Salford 003A,LSOA
E01005782,Stockport 030A,LSOA
E01005872,Stockport 019B,LSOA
E01005875,Stockport 015D,LSOA
E01006045,Tameside 030D,LSOA
E01004992,Bury 015B,LSOA
E01004913,Bolton 024C,LSOA
E01004811,Bolton 022A,LSOA
E01004810,Bolton 002E,LSOA
E01004891,Bolton 028A,LSOA
E01004890,Bolton 004E,LSOA
E01005471,Rochdale 015B,LSOA
E01005470,Rochdale 015A,LSOA
E01005473,Rochdale 010B,LSOA
E01005472,Rochdale 010A,LSOA
E01004948,Bury 009B,LSOA
E01005253,Manchester 005E,LSOA
E01006401,Wigan 021E,LSOA
E01004820,Bolton 011A,LSOA
E01006400,Wigan 021D,LSOA
E01005854,Stockport 013B,LSOA
E01005415,Oldham 006D,LSOA
E01005857,Stockport 013D,LSOA
E01005856,Stockport 011B,LSOA
E01005855,Stockport 013C,LSOA
E01006311,Wigan 012E,LSOA
E01005349,Oldham 016A,LSOA
E01005348,Oldham 014A,LSOA
E01033218,Bolton 028F,LSOA
E01005946,Tameside 004D,LSOA
E01005513,Rochdale 019D,LSOA
E01005909,Stockport 029A,LSOA
E01005510,Rochdale 019A,LSOA
E01005592,Rochdale 009E,LSOA
E01004961,Bury 005A,LSOA
E01004960,Bury 007E,LSOA
E01005817,Stockport 016C,LSOA
E01006259,Wigan 003A,LSOA
E01006258,Wigan 008B,LSOA
E01004869,Bolton 015B,LSOA
E01004868,Bolton 015A,LSOA
E01005006,Bury 012D,LSOA
E01006176,Trafford 018D,LSOA
E01005151,Manchester 029B,LSOA
E01006276,Wigan 013E,LSOA
E01004928,Bolton 017C,LSOA
E01004929,Bolton 010D,LSOA
E01006323,Wigan 033A,LSOA
E01006322,Wigan 026D,LSOA
E01005139,Manchester 003B,LSOA
E01005138,Manchester 002D,LSOA
E01032686,Salford 028F,LSOA
E01005363,Oldham 032A,LSOA
E01004827,Bolton 021A,LSOA
E01005265,Manchester 044D,LSOA
E01005264,Manchester 044C,LSOA
E01006363,Wigan 018B,LSOA
E01006360,Wigan 010D,LSOA
E01005246,Manchester 024D,LSOA
E01005193,Manchester 021E,LSOA
E01005112,Manchester 048D,LSOA
E01005194,Manchester 027A,LSOA
E01005115,Manchester 044A,LSOA
E01005114,Manchester 047D,LSOA
E01005195,Manchester 023A,LSOA
E01005113,Manchester 047C,LSOA
E01005192,Manchester 021D,LSOA
E01006241,Wigan 017C,LSOA
E01006240,Wigan 017B,LSOA
E01006243,Wigan 023B,LSOA
E01005894,Stockport 001E,LSOA
E01006077,Trafford 027A,LSOA
E01005034,Bury 022D,LSOA
E01005037,Bury 024D,LSOA
E01005036,Bury 024C,LSOA
E01005035,Bury 025C,LSOA
E01005032,Bury 025B,LSOA
E01006267,Wigan 032D,LSOA
E01006266,Wigan 032C,LSOA
E01005900,Stockport 010C,LSOA
E01006264,Wigan 036D,LSOA
E01005085,Manchester 049A,LSOA
E01006111,Trafford 001C,LSOA
E01006190,Trafford 021B,LSOA
E01006191,Trafford 023B,LSOA
E01006110,Trafford 001B,LSOA
E01004844,Bolton 020D,LSOA
E01005892,Stockport 003B,LSOA
E01006308,Wigan 012B,LSOA
E01006309,Wigan 012C,LSOA
E01006379,Wigan 029C,LSOA
E01006389,Wigan 007C,LSOA
E01006378,Wigan 025E,LSOA
E01005055,Bury 017B,LSOA
E01005054,Bury 013B,LSOA
E01005057,Bury 017D,LSOA
E01005056,Bury 017C,LSOA
E01005534,Rochdale 023A,LSOA
E01005537,Rochdale 023C,LSOA
E01005536,Rochdale 021E,LSOA
E01005966,Tameside 019D,LSOA
E01005535,Rochdale 023B,LSOA
E01005532,Rochdale 025C,LSOA
E01005146,Manchester 008B,LSOA
E01004849,Bolton 021B,LSOA
E01005147,Manchester 058B,LSOA
E01005797,Stockport 023C,LSOA
E01005175,Manchester 043D,LSOA
E01005526,Rochdale 021C,LSOA
E01005369,Oldham 032B,LSOA
E01006010,Tameside 017B,LSOA
E01006092,Trafford 019B,LSOA
E01006093,Trafford 023A,LSOA
E01006013,Tameside 018B,LSOA
E01006094,Trafford 020B,LSOA
E01006012,Tameside 017C,LSOA
E01006091,Trafford 019A,LSOA
E01005334,Oldham 017D,LSOA
E01005337,Oldham 010B,LSOA
E01005336,Oldham 015D,LSOA
E01004972,Bury 023A,LSOA
E01005335,Oldham 010A,LSOA
E01005656,Salford 023B,LSOA
E01005657,Salford 023C,LSOA
E01005868,Stockport 008D,LSOA
E01005046,Bury 002C,LSOA
E01005169,Manchester 045C,LSOA
E01005168,Manchester 045B,LSOA
E01004888,Bolton 004C,LSOA
E01004889,Bolton 004D,LSOA
E01004809,Bolton 003E,LSOA
E01004808,Bolton 001E,LSOA
E01005829,Stockport 024E,LSOA
E01006128,Trafford 005D,LSOA
E01006121,Trafford 002E,LSOA
E01006120,Trafford 010A,LSOA
E01006129,Trafford 010B,LSOA
E01005989,Tameside 025C,LSOA
E01005619,Salford 030D,LSOA
E01005698,Salford 012E,LSOA
E01005699,Salford 015C,LSOA
E01006161,Trafford 015C,LSOA
E01005984,Tameside 029F,LSOA
E01006171,Trafford 013D,LSOA
E01004825,Bolton 011B,LSOA
E01006334,Wigan 030C,LSOA
E01005751,Stockport 009E,LSOA
E01006315,Wigan 001A,LSOA
E01005761,Stockport 026A,LSOA
E01005760,Stockport 023B,LSOA
E01005763,Stockport 026C,LSOA
E01005762,Stockport 026B,LSOA
E01005179,Manchester 030B,LSOA
E01005529,Rochdale 022B,LSOA
E01005395,Oldham 004C,LSOA
E01005819,Stockport 018C,LSOA
E01005890,Stockport 002B,LSOA
E01005680,Salford 017B,LSOA
E01005881,Stockport 017B,LSOA
E01005800,Stockport 023D,LSOA
E01005803,Stockport 027D,LSOA
E01005882,Stockport 020C,LSOA
E01005880,Stockport 017A,LSOA
E01005801,Stockport 027B,LSOA
E01004874,Bolton 033D,LSOA
E01005660,Salford 001B,LSOA
E01005663,Salford 001C,LSOA
E01005662,Salford 004B,LSOA
E01005665,Salford 001E,LSOA
E01005661,Salford 004A,LSOA
E01004837,Bolton 020C,LSOA
E01004834,Bolton 018A,LSOA
E01005105,Manchester 015C,LSOA
E01005183,Manchester 030F,LSOA
E01005104,Manchester 004A,LSOA
E01005184,Manchester 032A,LSOA
E01005185,Manchester 032B,LSOA
E01005186,Manchester 020B,LSOA
E01005102,Manchester 001D,LSOA
E01005182,Manchester 030E,LSOA
E01005491,Rochdale 005C,LSOA
E01005481,Rochdale 017F,LSOA
E01005401,Oldham 008D,LSOA
E01005482,Rochdale 010C,LSOA
E01005400,Oldham 009C,LSOA
E01005483,Rochdale 010D,LSOA
E01005403,Oldham 005D,LSOA
E01005484,Rochdale 010E,LSOA
E01005402,Oldham 009D,LSOA
E01005973,Tameside 026A,LSOA
E01005480,Rochdale 017E,LSOA
E01005871,Stockport 015B,LSOA
E01005620,Salford 030E,LSOA
E01005319,Manchester 051E,LSOA
E01004990,Bury 016A,LSOA
E01004911,Bolton 024A,LSOA
E01005588,Rochdale 007F,LSOA
E01004856,Bolton 027C,LSOA
E01004857,Bolton 027D,LSOA
E01005362,Oldham 031A,LSOA
E01005951,Tameside 013C,LSOA
E01032684,Salford 022E,LSOA
E01006409,Wigan 020D,LSOA
E01006408,Wigan 020C,LSOA
E01006021,Tameside 016D,LSOA
E01005998,Tameside 012A,LSOA
E01005919,Stockport 002E,LSOA
E01005999,Tameside 011B,LSOA
E01005918,Stockport 014D,LSOA
E01005943,Tameside 007C,LSOA
E01005942,Tameside 007B,LSOA
E01006215,Wigan 024B,LSOA
E01006212,Wigan 026A,LSOA
E01006029,Tameside 028B,LSOA
E01006295,Wigan 025C,LSOA
E01006294,Wigan 025B,LSOA
E01006217,Wigan 024C,LSOA
E01006214,Wigan 026B,LSOA
E01006297,Wigan 034D,LSOA
E01006296,Wigan 037A,LSOA
E01006293,Wigan 022D,LSOA
E01006213,Wigan 024A,LSOA
E01005020,Bury 003A,LSOA
E01005419,Oldham 021C,LSOA
E01033686,Manchester 028F,LSOA
E01006336,Wigan 027D,LSOA
E01005753,Stockport 004A,LSOA
E01006395,Wigan 021C,LSOA
E01005844,Stockport 036A,LSOA
E01004794,Bolton 013C,LSOA
E05000650,Astley Bridge,Ward
E05000651,Bradshaw,Ward
E05000652,Breightmet,Ward
E05000653,Bromley Cross,Ward
E05000654,Crompton,Ward
E05000655,Farnworth,Ward
E05000656,Great Lever,Ward
E05000657,Halliwell,Ward
E05000658,Harper Green,Ward
E05000659,Heaton and Lostock,Ward
E05000660,Horwich and Blackrod,Ward
E05000661,Horwich North East,Ward
E05000662,Hulton,Ward
E05000663,Kearsley,Ward
E05000664,Little Lever and Darcy Lever,Ward
E05000665,Rumworth,Ward
E05000666,Smithills,Ward
E05000667,Tonge with the Haulgh,Ward
E05000668,Westhoughton North and Chew Moor,Ward
E05000669,Westhoughton South,Ward
E05000670,Besses,Ward
E05000671,Church,Ward
E05000672,East,Ward
E05000673,Elton,Ward
E05000674,Holyrood,Ward
E05000675,Moorside,Ward
E05000676,North Manor,Ward
E05000677,Pilkington Park,Ward
E05000678,Radcliffe East,Ward
E05000679,Radcliffe North,Ward
E05000680,Radcliffe West,Ward
E05000681,Ramsbottom,Ward
E05000682,Redvales,Ward
E05000683,St Mary's,Ward
E05000684,Sedgley,Ward
E05000685,Tottington,Ward
E05000686,Unsworth,Ward
E05000687,Ancoats and Clayton,Ward
E05000688,Ardwick,Ward
E05000689,Baguley,Ward
E05000690,Bradford,Ward
E05000691,Brooklands,Ward
E05000692,Burnage,Ward
E05000693,Charlestown,Ward
E05000694,Cheetham,Ward
E05000695,Chorlton,Ward
E05000696,Chorlton Park,Ward
E05000697,City Centre,Ward
E05000698,Crumpsall,Ward
E05000699,Didsbury East,Ward
E05000700,Didsbury West,Ward
E05000701,Fallowfield,Ward
E05000702,Gorton North,Ward
E05000703,Gorton South,Ward
E05000704,Harpurhey,Ward
E05000705,Higher Blackley,Ward
E05000706,Hulme,Ward
E05000707,Levenshulme,Ward
E05000708,Longsight,Ward
E05000709,Miles Platting and Newton Heath,Ward
E05000710,Moss Side,Ward
E05000711,Moston,Ward
E05000712,Northenden,Ward
E05000713,Old Moat,Ward
E05000714,Rusholme,Ward
E05000715,Sharston,Ward
E05000716,Whalley Range,Ward
E05000717,Withington,Ward
E05000718,Woodhouse Park,Ward
E05000719,Alexandra,Ward
E05000720,Chadderton Central,Ward
E05000721,Chadderton North,Ward
E05000722,Chadderton South,Ward
E05000723,Coldhurst,Ward
E05000724,Crompton,Ward
E05000725,Failsworth East,Ward
E05000726,Failsworth West,Ward
E05000727,Hollinwood,Ward
E05000728,Medlock Vale,Ward
E05000729,Royton North,Ward
E05000730,Royton South,Ward
E05000731,Saddleworth North,Ward
E05000732,Saddleworth South,Ward
E05000733,Saddleworth West and Lees,Ward
E05000734,St James',Ward
E05000735,St Mary's,Ward
E05000736,Shaw,Ward
E05000737,Waterhead,Ward
E05000738,Werneth,Ward
E05000739,Balderstone and Kirkholt,Ward
E05000740,Bamford,Ward
E05000741,Castleton,Ward
E05000742,Central Rochdale,Ward
E05000743,East Middleton,Ward
E05000744,Healey,Ward
E05000745,Hopwood Hall,Ward
E05000746,Kingsway,Ward
E05000747,Littleborough Lakeside,Ward
E05000748,Milkstone and Deeplish,Ward
E05000749,Milnrow and Newhey,Ward
E05000750,Norden,Ward
E05000751,North Heywood,Ward
E05000752,North Middleton,Ward
E05000753,Smallbridge and Firgrove,Ward
E05000754,South Middleton,Ward
E05000755,Spotland and Falinge,Ward
E05000756,Wardle and West Littleborough,Ward
E05000757,West Heywood,Ward
E05000758,West Middleton,Ward
E05000759,Barton,Ward
E05000760,Boothstown and Ellenbrook,Ward
E05000761,Broughton,Ward
E05000762,Cadishead,Ward
E05000763,Claremont,Ward
E05000764,Eccles,Ward
E05000765,Irlam,Ward
E05000766,Irwell Riverside,Ward
E05000767,Kersal,Ward
E05000768,Langworthy,Ward
E05000769,Little Hulton,Ward
E05000770,Ordsall,Ward
E05000771,Pendlebury,Ward
E05000772,Swinton North,Ward
E05000773,Swinton South,Ward
E05000774,Walkden North,Ward
E05000775,Walkden South,Ward
E05000776,Weaste and Seedley,Ward
E05000777,Winton,Ward
E05000778,Worsley,Ward
E05000779,Bramhall North,Ward
E05000780,Bramhall South and Woodford,Ward
E05000781,Bredbury and Woodley,Ward
E05000782,Bredbury Green and Romiley,Ward
E05000783,Brinnington and Central,Ward
E05000784,Cheadle and Gatley,Ward
E05000785,Cheadle Hulme North,Ward
E05000786,Cheadle Hulme South,Ward
E05000787,Davenport and Cale Green,Ward
E05000788,Edgeley and Cheadle Heath,Ward
E05000789,Hazel Grove,Ward
E05000790,Heald Green,Ward
E05000791,Heatons North,Ward
E05000792,Heatons South,Ward
E05000793,Manor,Ward
E05000794,Marple North,Ward
E05000795,Marple South and High Lane,Ward
E05000796,Offerton,Ward
E05000797,Reddish North,Ward
E05000798,Reddish South,Ward
E05000799,Stepping Hill,Ward
E05000800,Ashton Hurst,Ward
E05000801,Ashton St Michael's,Ward
E05000802,Ashton Waterloo,Ward
E05000803,Audenshaw,Ward
E05000804,Denton North East,Ward
E05000805,Denton South,Ward
E05000806,Denton West,Ward
E05000807,Droylsden East,Ward
E05000808,Droylsden West,Ward
E05000809,Dukinfield,Ward
E05000810,Dukinfield Stalybridge,Ward
E05000811,Hyde Godley,Ward
E05000812,Hyde Newton,Ward
E05000813,Hyde Werneth,Ward
E05000814,Longdendale,Ward
E05000815,Mossley,Ward
E05000816,St Peter's,Ward
E05000817,Stalybridge North,Ward
E05000818,Stalybridge South,Ward
E05000819,Altrincham,Ward
E05000820,Ashton upon Mersey,Ward
E05000821,Bowdon,Ward
E05000822,Broadheath,Ward
E05000823,Brooklands,Ward
E05000824,Bucklow-St Martins,Ward
E05000825,Clifford,Ward
E05000826,Davyhulme East,Ward
E05000827,Davyhulme West,Ward
E05000828,Flixton,Ward
E05000829,Gorse Hill,Ward
E05000830,Hale Barns,Ward
E05000831,Hale Central,Ward
E05000832,Longford,Ward
E05000833,Priory,Ward
E05000834,St Mary's,Ward
E05000835,Sale Moor,Ward
E05000836,Stretford,Ward
E05000837,Timperley,Ward
E05000838,Urmston,Ward
E05000839,Village,Ward
E05000840,Abram,Ward
E05000841,Ashton,Ward
E05000842,Aspull New Springs Whelley,Ward
E05000843,Astley Mosley Common,Ward
E05000844,Atherleigh,Ward
E05000845,Atherton,Ward
E05000846,Bryn,Ward
E05000847,Douglas,Ward
E05000848,Golborne and Lowton West,Ward
E05000849,Hindley,Ward
E05000850,Hindley Green,Ward
E05000851,Ince,Ward
E05000852,Leigh East,Ward
E05000853,Leigh South,Ward
E05000854,Leigh West,Ward
E05000855,Lowton East,Ward
E05000856,Orrell,Ward
E05000857,Pemberton,Ward
E05000858,Shevington with Lower Ground,Ward
E05000859,Standish with Langtree,Ward
E05000860,Tyldesley,Ward
E05000861,Wigan Central,Ward
E05000862,Wigan West,Ward
E05000863,Winstanley,Ward
E05000864,Worsley Mesnes,Ward
E08000009,Trafford,Local Authority
E08000010,Wigan,Local Authority
E08000001,Bolton,Local Authority
E08000002,Bury,Local Authority
E08000003,Manchester,Local Authority
E08000004,Oldham,Local Authority
E08000005,Rochdale,Local Authority
E08000006,Salford,Local Authority
E08000007,Stockport,Local Authority
E08000008,Tameside,Local Authority
E47000001,Greater Manchester,Combined Authority